,REF_DATE,Immigrant status,Educational attainment,Sex,Employment,Employment rate,Labour force,Not in labour force,Participation rate,Unemployment,Unemployment rate
0,2006,"Immigrants, landed 5 or less years earlier",High school graduate,Females,29.8,42.4,35.0,35.3,49.8,5.2,14.9
1,2006,"Immigrants, landed 5 or less years earlier",High school graduate,Males,36.5,63.1,41.0,16.7,70.9,4.6,11.2
2,2006,"Immigrants, landed 5 or less years earlier","High school graduate, some post-secondary",Females,9.9,46.0,11.3,10.3,52.6,,
3,2006,"Immigrants, landed 5 or less years earlier","High school graduate, some post-secondary",Males,12.1,61.7,13.2,6.5,67.3,,
4,2006,"Immigrants, landed 5 or less years earlier","No degree, certificate or diploma",Females,18.2,24.9,24.4,48.6,33.4,6.2,25.4
5,2006,"Immigrants, landed 5 or less years earlier","No degree, certificate or diploma",Males,25.8,44.8,30.1,27.5,52.3,4.2,14.0
6,2006,"Immigrants, landed 5 or less years earlier",Post-secondary certificate or diploma,Females,47.3,55.8,54.5,30.2,64.3,7.2,13.2
7,2006,"Immigrants, landed 5 or less years earlier",Post-secondary certificate or diploma,Males,57.0,78.4,61.9,10.9,85.1,4.9,7.9
8,2006,"Immigrants, landed 5 or less years earlier",University degree,Females,97.2,57.6,112.3,56.4,66.6,15.1,13.4
9,2006,"Immigrants, landed 5 or less years earlier",University degree,Males,126.2,74.2,142.7,27.3,83.9,16.5,11.6
10,2006,"Immigrants, landed more than 10 years earlier",High school graduate,Females,221.2,47.8,235.2,227.6,50.8,14.1,6.0
11,2006,"Immigrants, landed more than 10 years earlier",High school graduate,Males,243.3,62.6,259.1,129.4,66.7,15.8,6.1
12,2006,"Immigrants, landed more than 10 years earlier","High school graduate, some post-secondary",Females,56.1,55.3,60.2,41.2,59.3,4.2,7.0
13,2006,"Immigrants, landed more than 10 years earlier","High school graduate, some post-secondary",Males,73.3,68.4,77.5,29.7,72.4,4.2,5.4
14,2006,"Immigrants, landed more than 10 years earlier","No degree, certificate or diploma",Females,141.0,24.8,154.1,413.7,27.1,13.1,8.5
15,2006,"Immigrants, landed more than 10 years earlier","No degree, certificate or diploma",Males,161.4,38.0,176.7,247.5,41.7,15.3,8.7
16,2006,"Immigrants, landed more than 10 years earlier",Post-secondary certificate or diploma,Females,361.3,63.0,380.1,193.7,66.2,18.8,4.9
17,2006,"Immigrants, landed more than 10 years earlier",Post-secondary certificate or diploma,Males,395.3,68.4,417.0,161.3,72.1,21.7,5.2
18,2006,"Immigrants, landed more than 10 years earlier",University degree,Females,270.6,68.8,282.9,110.7,71.9,12.3,4.3
19,2006,"Immigrants, landed more than 10 years earlier",University degree,Males,346.8,72.7,360.4,116.4,75.6,13.6,3.8
20,2006,"Immigrants, landed more than 5 to 10 years earlier",High school graduate,Females,42.8,52.5,49.3,32.4,60.4,6.5,13.2
21,2006,"Immigrants, landed more than 5 to 10 years earlier",High school graduate,Males,50.5,71.3,55.5,15.3,78.4,5.0,9.0
22,2006,"Immigrants, landed more than 5 to 10 years earlier","High school graduate, some post-secondary",Females,15.1,55.9,17.0,10.0,63.0,1.9,11.2
23,2006,"Immigrants, landed more than 5 to 10 years earlier","High school graduate, some post-secondary",Males,17.7,60.2,19.8,9.5,67.3,2.2,11.1
24,2006,"Immigrants, landed more than 5 to 10 years earlier","No degree, certificate or diploma",Females,20.2,27.3,26.8,47.0,36.3,6.7,25.0
25,2006,"Immigrants, landed more than 5 to 10 years earlier","No degree, certificate or diploma",Males,30.6,46.2,36.8,29.4,55.6,6.2,16.8
26,2006,"Immigrants, landed more than 5 to 10 years earlier",Post-secondary certificate or diploma,Females,68.6,71.1,73.2,23.4,75.9,4.5,6.1
27,2006,"Immigrants, landed more than 5 to 10 years earlier",Post-secondary certificate or diploma,Males,59.9,80.3,64.5,10.2,86.5,4.5,7.0
28,2006,"Immigrants, landed more than 5 to 10 years earlier",University degree,Females,96.4,68.6,105.2,35.4,74.8,8.9,8.5
29,2006,"Immigrants, landed more than 5 to 10 years earlier",University degree,Males,136.4,86.7,143.3,14.0,91.1,6.9,4.8
30,2007,"Immigrants, landed 5 or less years earlier",High school graduate,Females,36.1,49.5,41.5,31.5,56.8,5.4,13.0
31,2007,"Immigrants, landed 5 or less years earlier",High school graduate,Males,43.0,68.6,49.6,13.2,79.1,6.6,13.3
32,2007,"Immigrants, landed 5 or less years earlier","High school graduate, some post-secondary",Females,12.6,51.2,14.9,9.7,60.6,2.3,15.4
33,2007,"Immigrants, landed 5 or less years earlier","High school graduate, some post-secondary",Males,12.9,55.4,14.2,9.1,60.9,,
34,2007,"Immigrants, landed 5 or less years earlier","No degree, certificate or diploma",Females,19.4,27.0,24.0,47.9,33.4,4.6,19.2
35,2007,"Immigrants, landed 5 or less years earlier","No degree, certificate or diploma",Males,23.9,41.9,27.9,29.2,48.9,4.0,14.3
36,2007,"Immigrants, landed 5 or less years earlier",Post-secondary certificate or diploma,Females,45.4,52.6,51.5,34.8,59.7,6.1,11.8
37,2007,"Immigrants, landed 5 or less years earlier",Post-secondary certificate or diploma,Males,52.2,72.5,58.6,13.4,81.4,6.3,10.8
38,2007,"Immigrants, landed 5 or less years earlier",University degree,Females,93.1,53.8,106.4,66.5,61.5,13.3,12.5
39,2007,"Immigrants, landed 5 or less years earlier",University degree,Males,136.8,76.3,150.5,28.9,83.9,13.7,9.1
40,2007,"Immigrants, landed more than 10 years earlier",High school graduate,Females,231.1,48.3,247.5,230.5,51.8,16.4,6.6
41,2007,"Immigrants, landed more than 10 years earlier",High school graduate,Males,248.3,63.6,266.4,124.0,68.3,18.1,6.8
42,2007,"Immigrants, landed more than 10 years earlier","High school graduate, some post-secondary",Females,59.5,56.0,64.8,41.5,61.0,5.3,8.2
43,2007,"Immigrants, landed more than 10 years earlier","High school graduate, some post-secondary",Males,74.9,69.2,79.3,29.1,73.2,4.4,5.5
44,2007,"Immigrants, landed more than 10 years earlier","No degree, certificate or diploma",Females,122.5,21.9,137.6,421.2,24.6,15.1,11.0
45,2007,"Immigrants, landed more than 10 years earlier","No degree, certificate or diploma",Males,158.8,38.6,172.8,238.4,42.0,14.0,8.1
46,2007,"Immigrants, landed more than 10 years earlier",Post-secondary certificate or diploma,Females,375.5,62.3,398.1,204.2,66.1,22.6,5.7
47,2007,"Immigrants, landed more than 10 years earlier",Post-secondary certificate or diploma,Males,404.8,66.3,427.6,183.4,70.0,22.8,5.3
48,2007,"Immigrants, landed more than 10 years earlier",University degree,Females,306.9,71.1,320.5,111.0,74.3,13.6,4.2
49,2007,"Immigrants, landed more than 10 years earlier",University degree,Males,374.9,72.9,390.6,123.9,75.9,15.7,4.0
50,2007,"Immigrants, landed more than 5 to 10 years earlier",High school graduate,Females,44.1,54.0,48.4,33.3,59.2,4.4,9.1
51,2007,"Immigrants, landed more than 5 to 10 years earlier",High school graduate,Males,45.7,70.4,51.0,13.9,78.6,5.2,10.2
52,2007,"Immigrants, landed more than 5 to 10 years earlier","High school graduate, some post-secondary",Females,17.0,57.0,18.2,11.6,61.1,,
53,2007,"Immigrants, landed more than 5 to 10 years earlier","High school graduate, some post-secondary",Males,19.9,66.8,22.4,7.4,75.2,2.5,11.2
54,2007,"Immigrants, landed more than 5 to 10 years earlier","No degree, certificate or diploma",Females,24.6,33.7,28.6,44.6,39.1,3.9,13.6
55,2007,"Immigrants, landed more than 5 to 10 years earlier","No degree, certificate or diploma",Males,26.1,46.0,30.3,26.4,53.3,4.2,13.9
56,2007,"Immigrants, landed more than 5 to 10 years earlier",Post-secondary certificate or diploma,Females,63.6,66.0,70.5,25.8,73.2,7.0,9.9
57,2007,"Immigrants, landed more than 5 to 10 years earlier",Post-secondary certificate or diploma,Males,58.0,80.6,62.9,9.1,87.4,4.8,7.6
58,2007,"Immigrants, landed more than 5 to 10 years earlier",University degree,Females,109.3,73.2,117.8,31.6,78.8,8.5,7.2
59,2007,"Immigrants, landed more than 5 to 10 years earlier",University degree,Males,143.7,85.2,151.7,17.0,90.0,7.9,5.2
60,2008,"Immigrants, landed 5 or less years earlier",High school graduate,Females,33.1,45.8,38.1,34.1,52.8,5.0,13.1
61,2008,"Immigrants, landed 5 or less years earlier",High school graduate,Males,40.3,74.6,44.2,9.8,81.9,3.9,8.8
62,2008,"Immigrants, landed 5 or less years earlier","High school graduate, some post-secondary",Females,14.0,50.4,16.1,11.7,57.9,2.1,13.0
63,2008,"Immigrants, landed 5 or less years earlier","High school graduate, some post-secondary",Males,13.9,60.2,15.4,7.7,66.7,1.5,9.7
64,2008,"Immigrants, landed 5 or less years earlier","No degree, certificate or diploma",Females,22.0,32.1,26.2,42.4,38.2,4.2,16.0
65,2008,"Immigrants, landed 5 or less years earlier","No degree, certificate or diploma",Males,27.0,44.9,31.9,28.2,53.1,4.9,15.4
66,2008,"Immigrants, landed 5 or less years earlier",Post-secondary certificate or diploma,Females,53.6,55.0,62.8,34.8,64.4,9.2,14.6
67,2008,"Immigrants, landed 5 or less years earlier",Post-secondary certificate or diploma,Males,62.1,77.3,69.0,11.3,85.9,6.8,9.9
68,2008,"Immigrants, landed 5 or less years earlier",University degree,Females,103.3,55.2,119.6,67.6,63.9,16.3,13.6
69,2008,"Immigrants, landed 5 or less years earlier",University degree,Males,147.9,77.1,163.2,28.6,85.1,15.3,9.4
70,2008,"Immigrants, landed more than 10 years earlier",High school graduate,Females,221.3,46.3,237.7,240.3,49.7,16.4,6.9
71,2008,"Immigrants, landed more than 10 years earlier",High school graduate,Males,242.3,62.8,260.9,125.2,67.6,18.6,7.1
72,2008,"Immigrants, landed more than 10 years earlier","High school graduate, some post-secondary",Females,68.5,59.6,74.0,41.0,64.3,5.4,7.3
73,2008,"Immigrants, landed more than 10 years earlier","High school graduate, some post-secondary",Males,79.2,64.2,85.7,37.7,69.4,6.6,7.7
74,2008,"Immigrants, landed more than 10 years earlier","No degree, certificate or diploma",Females,119.4,22.5,130.3,401.5,24.5,10.9,8.4
75,2008,"Immigrants, landed more than 10 years earlier","No degree, certificate or diploma",Males,147.6,36.0,162.7,247.6,39.6,15.1,9.3
76,2008,"Immigrants, landed more than 10 years earlier",Post-secondary certificate or diploma,Females,368.6,60.7,388.7,219.0,64.0,20.1,5.2
77,2008,"Immigrants, landed more than 10 years earlier",Post-secondary certificate or diploma,Males,386.2,66.4,407.7,173.7,70.1,21.5,5.3
78,2008,"Immigrants, landed more than 10 years earlier",University degree,Females,322.7,70.7,336.3,120.2,73.7,13.6,4.0
79,2008,"Immigrants, landed more than 10 years earlier",University degree,Males,393.7,73.0,410.0,129.2,76.0,16.3,4.0
80,2008,"Immigrants, landed more than 5 to 10 years earlier",High school graduate,Females,44.2,56.1,48.0,30.7,60.9,3.8,7.9
81,2008,"Immigrants, landed more than 5 to 10 years earlier",High school graduate,Males,47.3,70.5,51.1,16.0,76.2,3.9,7.6
82,2008,"Immigrants, landed more than 5 to 10 years earlier","High school graduate, some post-secondary",Females,16.3,55.6,18.2,11.1,62.1,2.0,11.0
83,2008,"Immigrants, landed more than 5 to 10 years earlier","High school graduate, some post-secondary",Males,16.6,58.2,18.3,10.2,64.2,1.7,9.3
84,2008,"Immigrants, landed more than 5 to 10 years earlier","No degree, certificate or diploma",Females,19.7,25.5,24.1,53.1,31.2,4.4,18.3
85,2008,"Immigrants, landed more than 5 to 10 years earlier","No degree, certificate or diploma",Males,28.7,44.8,33.6,30.4,52.4,4.9,14.6
86,2008,"Immigrants, landed more than 5 to 10 years earlier",Post-secondary certificate or diploma,Females,61.1,63.6,67.3,28.8,70.0,6.2,9.2
87,2008,"Immigrants, landed more than 5 to 10 years earlier",Post-secondary certificate or diploma,Males,66.2,82.5,71.7,8.4,89.4,5.6,7.8
88,2008,"Immigrants, landed more than 5 to 10 years earlier",University degree,Females,108.2,67.3,118.3,42.5,73.6,10.1,8.5
89,2008,"Immigrants, landed more than 5 to 10 years earlier",University degree,Males,146.5,83.5,158.3,17.2,90.2,11.8,7.5
90,2009,"Immigrants, landed 5 or less years earlier",High school graduate,Females,31.5,44.4,38.6,32.4,54.4,7.1,18.4
91,2009,"Immigrants, landed 5 or less years earlier",High school graduate,Males,38.6,62.8,45.8,15.7,74.5,7.2,15.7
92,2009,"Immigrants, landed 5 or less years earlier","High school graduate, some post-secondary",Females,10.8,43.2,13.0,12.0,52.0,2.1,16.2
93,2009,"Immigrants, landed 5 or less years earlier","High school graduate, some post-secondary",Males,12.1,55.0,14.9,7.2,67.7,2.8,18.8
94,2009,"Immigrants, landed 5 or less years earlier","No degree, certificate or diploma",Females,19.9,27.2,25.1,48.1,34.3,5.2,20.7
95,2009,"Immigrants, landed 5 or less years earlier","No degree, certificate or diploma",Males,22.8,40.9,27.9,27.9,50.0,5.1,18.3
96,2009,"Immigrants, landed 5 or less years earlier",Post-secondary certificate or diploma,Females,55.0,57.4,64.0,31.8,66.8,9.0,14.1
97,2009,"Immigrants, landed 5 or less years earlier",Post-secondary certificate or diploma,Males,58.2,72.9,66.9,12.9,83.8,8.7,13.0
98,2009,"Immigrants, landed 5 or less years earlier",University degree,Females,104.0,58.2,122.3,56.4,68.4,18.3,15.0
99,2009,"Immigrants, landed 5 or less years earlier",University degree,Males,133.3,74.6,153.3,25.4,85.8,20.1,13.1
100,2009,"Immigrants, landed more than 10 years earlier",High school graduate,Females,226.4,45.4,250.0,248.5,50.2,23.6,9.4
101,2009,"Immigrants, landed more than 10 years earlier",High school graduate,Males,241.1,60.1,270.2,130.7,67.4,29.1,10.8
102,2009,"Immigrants, landed more than 10 years earlier","High school graduate, some post-secondary",Females,64.2,55.6,69.3,46.1,60.0,5.1,7.4
103,2009,"Immigrants, landed more than 10 years earlier","High school graduate, some post-secondary",Males,69.8,59.9,79.3,37.3,68.0,9.5,12.0
104,2009,"Immigrants, landed more than 10 years earlier","No degree, certificate or diploma",Females,108.3,20.6,125.0,400.9,23.8,16.8,13.4
105,2009,"Immigrants, landed more than 10 years earlier","No degree, certificate or diploma",Males,141.2,35.4,163.9,235.3,41.1,22.7,13.8
106,2009,"Immigrants, landed more than 10 years earlier",Post-secondary certificate or diploma,Females,389.1,62.3,415.4,208.7,66.6,26.3,6.3
107,2009,"Immigrants, landed more than 10 years earlier",Post-secondary certificate or diploma,Males,378.4,63.3,413.5,184.2,69.2,35.0,8.5
108,2009,"Immigrants, landed more than 10 years earlier",University degree,Females,326.6,68.6,346.0,130.1,72.7,19.4,5.6
109,2009,"Immigrants, landed more than 10 years earlier",University degree,Males,386.0,71.7,408.9,129.1,76.0,22.9,5.6
110,2009,"Immigrants, landed more than 5 to 10 years earlier",High school graduate,Females,38.4,48.7,44.7,34.2,56.7,6.3,14.1
111,2009,"Immigrants, landed more than 5 to 10 years earlier",High school graduate,Males,43.0,65.8,50.8,14.5,77.8,7.7,15.2
112,2009,"Immigrants, landed more than 5 to 10 years earlier","High school graduate, some post-secondary",Females,16.8,51.4,19.8,12.9,60.6,3.0,15.2
113,2009,"Immigrants, landed more than 5 to 10 years earlier","High school graduate, some post-secondary",Males,16.2,52.9,20.4,10.2,66.7,4.2,20.6
114,2009,"Immigrants, landed more than 5 to 10 years earlier","No degree, certificate or diploma",Females,17.5,25.3,24.0,45.3,34.6,6.5,27.1
115,2009,"Immigrants, landed more than 5 to 10 years earlier","No degree, certificate or diploma",Males,26.0,40.9,33.3,30.2,52.4,7.3,21.9
116,2009,"Immigrants, landed more than 5 to 10 years earlier",Post-secondary certificate or diploma,Females,63.0,64.7,71.6,25.7,73.5,8.6,12.0
117,2009,"Immigrants, landed more than 5 to 10 years earlier",Post-secondary certificate or diploma,Males,68.5,77.9,77.8,10.1,88.5,9.4,12.1
118,2009,"Immigrants, landed more than 5 to 10 years earlier",University degree,Females,117.9,68.9,130.3,40.7,76.2,12.4,9.5
119,2009,"Immigrants, landed more than 5 to 10 years earlier",University degree,Males,144.5,77.8,161.9,23.8,87.2,17.4,10.7
120,2010,"Immigrants, landed 5 or less years earlier",High school graduate,Females,28.0,42.0,35.0,31.7,52.5,7.0,20.0
121,2010,"Immigrants, landed 5 or less years earlier",High school graduate,Males,35.5,64.3,42.5,12.7,77.0,7.0,16.5
122,2010,"Immigrants, landed 5 or less years earlier","High school graduate, some post-secondary",Females,12.0,44.1,14.9,12.3,54.8,2.9,19.5
123,2010,"Immigrants, landed 5 or less years earlier","High school graduate, some post-secondary",Males,17.2,57.9,20.4,9.2,68.7,3.2,15.7
124,2010,"Immigrants, landed 5 or less years earlier","No degree, certificate or diploma",Females,19.3,27.3,25.6,45.0,36.3,6.3,24.6
125,2010,"Immigrants, landed 5 or less years earlier","No degree, certificate or diploma",Males,22.8,37.0,29.6,32.0,48.1,6.8,23.0
126,2010,"Immigrants, landed 5 or less years earlier",Post-secondary certificate or diploma,Females,53.8,55.1,63.8,33.9,65.3,10.0,15.7
127,2010,"Immigrants, landed 5 or less years earlier",Post-secondary certificate or diploma,Males,60.8,77.7,69.9,8.3,89.4,9.1,13.0
128,2010,"Immigrants, landed 5 or less years earlier",University degree,Females,117.8,58.1,138.1,64.5,68.2,20.3,14.7
129,2010,"Immigrants, landed 5 or less years earlier",University degree,Males,136.7,72.1,159.9,29.9,84.3,23.2,14.5
130,2010,"Immigrants, landed more than 10 years earlier",High school graduate,Females,226.0,46.0,244.9,246.8,49.8,19.0,7.8
131,2010,"Immigrants, landed more than 10 years earlier",High school graduate,Males,238.8,59.1,266.4,137.7,65.9,27.6,10.4
132,2010,"Immigrants, landed more than 10 years earlier","High school graduate, some post-secondary",Females,61.2,53.5,67.5,47.0,59.0,6.3,9.3
133,2010,"Immigrants, landed more than 10 years earlier","High school graduate, some post-secondary",Males,68.6,60.4,78.3,35.1,69.0,9.7,12.4
134,2010,"Immigrants, landed more than 10 years earlier","No degree, certificate or diploma",Females,103.4,20.4,121.3,385.2,24.0,17.9,14.8
135,2010,"Immigrants, landed more than 10 years earlier","No degree, certificate or diploma",Males,127.4,33.7,149.6,228.4,39.6,22.1,14.8
136,2010,"Immigrants, landed more than 10 years earlier",Post-secondary certificate or diploma,Females,374.6,59.7,404.7,222.9,64.5,30.2,7.5
137,2010,"Immigrants, landed more than 10 years earlier",Post-secondary certificate or diploma,Males,411.0,64.5,444.2,193.4,69.7,33.2,7.5
138,2010,"Immigrants, landed more than 10 years earlier",University degree,Females,353.9,68.7,377.1,137.8,73.2,23.2,6.2
139,2010,"Immigrants, landed more than 10 years earlier",University degree,Males,422.0,71.6,448.5,141.0,76.1,26.6,5.9
140,2010,"Immigrants, landed more than 5 to 10 years earlier",High school graduate,Females,33.1,49.5,38.7,28.2,57.8,5.7,14.7
141,2010,"Immigrants, landed more than 5 to 10 years earlier",High school graduate,Males,43.8,71.5,48.9,12.3,79.8,5.1,10.4
142,2010,"Immigrants, landed more than 5 to 10 years earlier","High school graduate, some post-secondary",Females,18.0,55.0,20.0,12.7,61.2,2.1,10.5
143,2010,"Immigrants, landed more than 5 to 10 years earlier","High school graduate, some post-secondary",Males,18.2,54.2,22.1,11.5,65.8,3.9,17.6
144,2010,"Immigrants, landed more than 5 to 10 years earlier","No degree, certificate or diploma",Females,18.5,28.0,22.8,43.2,34.5,4.3,18.9
145,2010,"Immigrants, landed more than 5 to 10 years earlier","No degree, certificate or diploma",Males,24.1,41.0,31.0,27.8,52.7,6.9,22.3
146,2010,"Immigrants, landed more than 5 to 10 years earlier",Post-secondary certificate or diploma,Females,75.2,66.9,83.5,28.8,74.3,8.3,9.9
147,2010,"Immigrants, landed more than 5 to 10 years earlier",Post-secondary certificate or diploma,Males,60.0,77.9,65.5,11.5,85.1,5.5,8.4
148,2010,"Immigrants, landed more than 5 to 10 years earlier",University degree,Females,122.6,67.3,137.3,45.0,75.3,14.7,10.7
149,2010,"Immigrants, landed more than 5 to 10 years earlier",University degree,Males,158.1,82.4,171.3,20.5,89.3,13.2,7.7
150,2011,"Immigrants, landed 5 or less years earlier",High school graduate,Females,27.5,39.9,33.6,35.3,48.8,6.0,17.9
151,2011,"Immigrants, landed 5 or less years earlier",High school graduate,Males,49.3,74.1,53.2,13.3,80.0,3.9,7.3
152,2011,"Immigrants, landed 5 or less years earlier","High school graduate, some post-secondary",Females,13.0,53.3,15.5,8.9,63.5,2.5,16.1
153,2011,"Immigrants, landed 5 or less years earlier","High school graduate, some post-secondary",Males,14.7,53.1,18.3,9.5,66.1,3.5,19.1
154,2011,"Immigrants, landed 5 or less years earlier","No degree, certificate or diploma",Females,15.3,23.3,21.6,44.1,32.9,6.4,29.6
155,2011,"Immigrants, landed 5 or less years earlier","No degree, certificate or diploma",Males,22.6,37.0,27.8,33.2,45.6,5.3,19.1
156,2011,"Immigrants, landed 5 or less years earlier",Post-secondary certificate or diploma,Females,56.1,57.7,65.4,31.8,67.2,9.3,14.2
157,2011,"Immigrants, landed 5 or less years earlier",Post-secondary certificate or diploma,Males,62.6,74.0,70.1,14.5,82.9,7.5,10.7
158,2011,"Immigrants, landed 5 or less years earlier",University degree,Females,109.3,54.1,130.9,71.0,64.8,21.6,16.5
159,2011,"Immigrants, landed 5 or less years earlier",University degree,Males,135.9,73.6,152.6,32.1,82.6,16.6,10.9
160,2011,"Immigrants, landed more than 10 years earlier",High school graduate,Females,228.9,44.9,249.6,260.5,48.9,20.7,8.3
161,2011,"Immigrants, landed more than 10 years earlier",High school graduate,Males,236.8,60.2,256.9,136.4,65.3,20.1,7.8
162,2011,"Immigrants, landed more than 10 years earlier","High school graduate, some post-secondary",Females,65.3,56.9,70.5,44.2,61.5,5.2,7.4
163,2011,"Immigrants, landed more than 10 years earlier","High school graduate, some post-secondary",Males,67.5,57.9,77.5,39.0,66.5,10.0,12.9
164,2011,"Immigrants, landed more than 10 years earlier","No degree, certificate or diploma",Females,99.1,19.7,114.4,389.1,22.7,15.3,13.4
165,2011,"Immigrants, landed more than 10 years earlier","No degree, certificate or diploma",Males,129.9,34.3,148.3,230.3,39.2,18.4,12.4
166,2011,"Immigrants, landed more than 10 years earlier",Post-secondary certificate or diploma,Females,405.4,59.4,438.4,243.9,64.3,33.0,7.5
167,2011,"Immigrants, landed more than 10 years earlier",Post-secondary certificate or diploma,Males,409.7,63.8,435.9,205.8,67.9,26.2,6.0
168,2011,"Immigrants, landed more than 10 years earlier",University degree,Females,396.8,69.0,419.3,155.5,72.9,22.5,5.4
169,2011,"Immigrants, landed more than 10 years earlier",University degree,Males,455.9,70.8,485.5,158.5,75.4,29.6,6.1
170,2011,"Immigrants, landed more than 5 to 10 years earlier",High school graduate,Females,37.0,47.9,42.5,34.7,55.0,5.5,12.9
171,2011,"Immigrants, landed more than 5 to 10 years earlier",High school graduate,Males,50.4,71.3,56.0,14.7,79.2,5.6,10.0
172,2011,"Immigrants, landed more than 5 to 10 years earlier","High school graduate, some post-secondary",Females,17.3,58.8,19.4,9.9,66.0,2.1,10.8
173,2011,"Immigrants, landed more than 5 to 10 years earlier","High school graduate, some post-secondary",Males,16.9,59.5,19.7,8.7,69.4,2.8,14.2
174,2011,"Immigrants, landed more than 5 to 10 years earlier","No degree, certificate or diploma",Females,22.7,31.3,28.7,43.8,39.6,6.0,20.9
175,2011,"Immigrants, landed more than 5 to 10 years earlier","No degree, certificate or diploma",Males,22.3,40.3,26.8,28.5,48.5,4.5,16.8
176,2011,"Immigrants, landed more than 5 to 10 years earlier",Post-secondary certificate or diploma,Females,69.6,65.4,77.6,28.8,72.9,7.9,10.2
177,2011,"Immigrants, landed more than 5 to 10 years earlier",Post-secondary certificate or diploma,Males,60.4,79.3,66.8,9.4,87.7,6.3,9.4
178,2011,"Immigrants, landed more than 5 to 10 years earlier",University degree,Females,122.7,66.9,134.9,48.6,73.5,12.2,9.0
179,2011,"Immigrants, landed more than 5 to 10 years earlier",University degree,Males,160.7,84.0,173.7,17.7,90.8,13.0,7.5
180,2012,"Immigrants, landed 5 or less years earlier",High school graduate,Females,30.1,47.2,35.3,28.5,55.3,5.2,14.7
181,2012,"Immigrants, landed 5 or less years earlier",High school graduate,Males,38.5,66.5,44.6,13.3,77.0,6.1,13.7
182,2012,"Immigrants, landed 5 or less years earlier","High school graduate, some post-secondary",Females,12.6,47.9,15.1,11.3,57.4,2.4,15.9
183,2012,"Immigrants, landed 5 or less years earlier","High school graduate, some post-secondary",Males,10.2,49.5,12.2,8.4,59.2,2.0,16.4
184,2012,"Immigrants, landed 5 or less years earlier","No degree, certificate or diploma",Females,13.8,20.6,19.9,47.2,29.7,6.0,30.2
185,2012,"Immigrants, landed 5 or less years earlier","No degree, certificate or diploma",Males,20.4,36.2,25.6,30.6,45.5,5.2,20.3
186,2012,"Immigrants, landed 5 or less years earlier",Post-secondary certificate or diploma,Females,58.7,59.0,67.3,32.2,67.6,8.6,12.8
187,2012,"Immigrants, landed 5 or less years earlier",Post-secondary certificate or diploma,Males,68.7,77.0,75.1,14.1,84.2,6.5,8.7
188,2012,"Immigrants, landed 5 or less years earlier",University degree,Females,120.9,60.5,138.8,61.0,69.5,18.0,13.0
189,2012,"Immigrants, landed 5 or less years earlier",University degree,Males,147.8,75.5,168.2,27.5,85.9,20.4,12.1
190,2012,"Immigrants, landed more than 10 years earlier",High school graduate,Females,213.0,42.9,230.4,266.3,46.4,17.4,7.6
191,2012,"Immigrants, landed more than 10 years earlier",High school graduate,Males,257.1,59.8,282.4,147.6,65.7,25.3,9.0
192,2012,"Immigrants, landed more than 10 years earlier","High school graduate, some post-secondary",Females,58.1,53.0,64.0,45.7,58.3,5.9,9.2
193,2012,"Immigrants, landed more than 10 years earlier","High school graduate, some post-secondary",Males,75.2,65.8,81.6,32.7,71.4,6.5,8.0
194,2012,"Immigrants, landed more than 10 years earlier","No degree, certificate or diploma",Females,106.1,21.5,118.0,376.4,23.9,11.9,10.1
195,2012,"Immigrants, landed more than 10 years earlier","No degree, certificate or diploma",Males,137.2,36.9,150.0,221.9,40.3,12.8,8.5
196,2012,"Immigrants, landed more than 10 years earlier",Post-secondary certificate or diploma,Females,402.6,60.3,431.7,235.9,64.7,29.1,6.7
197,2012,"Immigrants, landed more than 10 years earlier",Post-secondary certificate or diploma,Males,412.6,65.3,441.6,190.4,69.9,28.9,6.5
198,2012,"Immigrants, landed more than 10 years earlier",University degree,Females,422.5,67.3,449.2,178.4,71.6,26.7,5.9
199,2012,"Immigrants, landed more than 10 years earlier",University degree,Males,472.1,70.9,501.1,164.4,75.3,29.0,5.8
200,2012,"Immigrants, landed more than 5 to 10 years earlier",High school graduate,Females,44.5,50.7,50.3,37.3,57.4,5.8,11.5
201,2012,"Immigrants, landed more than 5 to 10 years earlier",High school graduate,Males,48.9,68.3,54.2,17.3,75.7,5.3,9.8
202,2012,"Immigrants, landed more than 5 to 10 years earlier","High school graduate, some post-secondary",Females,15.3,57.7,16.8,9.7,63.4,1.5,8.9
203,2012,"Immigrants, landed more than 5 to 10 years earlier","High school graduate, some post-secondary",Males,16.3,59.5,18.6,8.8,67.9,2.3,12.4
204,2012,"Immigrants, landed more than 5 to 10 years earlier","No degree, certificate or diploma",Females,18.1,27.8,22.3,42.8,34.3,4.2,18.8
205,2012,"Immigrants, landed more than 5 to 10 years earlier","No degree, certificate or diploma",Males,22.9,41.7,26.7,28.2,48.6,3.8,14.2
206,2012,"Immigrants, landed more than 5 to 10 years earlier",Post-secondary certificate or diploma,Females,85.1,72.1,91.7,26.3,77.6,6.6,7.2
207,2012,"Immigrants, landed more than 5 to 10 years earlier",Post-secondary certificate or diploma,Males,64.8,80.2,70.6,10.2,87.4,5.8,8.2
208,2012,"Immigrants, landed more than 5 to 10 years earlier",University degree,Females,140.5,69.3,156.9,45.8,77.4,16.4,10.5
209,2012,"Immigrants, landed more than 5 to 10 years earlier",University degree,Males,157.9,83.1,172.9,17.1,91.0,15.0,8.7
210,2013,"Immigrants, landed 5 or less years earlier",High school graduate,Females,27.6,43.3,32.0,31.8,50.2,4.4,13.8
211,2013,"Immigrants, landed 5 or less years earlier",High school graduate,Males,44.0,71.1,48.6,13.3,78.5,4.6,9.5
212,2013,"Immigrants, landed 5 or less years earlier","High school graduate, some post-secondary",Females,9.7,47.1,11.6,9.0,56.3,1.9,16.4
213,2013,"Immigrants, landed 5 or less years earlier","High school graduate, some post-secondary",Males,12.7,64.1,13.7,6.1,69.2,,
214,2013,"Immigrants, landed 5 or less years earlier","No degree, certificate or diploma",Females,15.3,23.3,19.7,46.0,30.0,4.4,22.3
215,2013,"Immigrants, landed 5 or less years earlier","No degree, certificate or diploma",Males,22.7,39.5,28.1,29.4,48.9,5.4,19.2
216,2013,"Immigrants, landed 5 or less years earlier",Post-secondary certificate or diploma,Females,55.4,57.2,63.5,33.3,65.6,8.1,12.8
217,2013,"Immigrants, landed 5 or less years earlier",Post-secondary certificate or diploma,Males,73.2,78.2,79.6,14.0,85.0,6.5,8.2
218,2013,"Immigrants, landed 5 or less years earlier",University degree,Females,124.0,58.1,144.1,69.5,67.5,20.0,13.9
219,2013,"Immigrants, landed 5 or less years earlier",University degree,Males,150.8,75.5,167.1,32.5,83.7,16.3,9.8
220,2013,"Immigrants, landed more than 10 years earlier",High school graduate,Females,222.8,43.4,243.2,270.4,47.4,20.4,8.4
221,2013,"Immigrants, landed more than 10 years earlier",High school graduate,Males,264.7,58.9,286.3,162.8,63.7,21.6,7.5
222,2013,"Immigrants, landed more than 10 years earlier","High school graduate, some post-secondary",Females,60.3,55.0,65.9,43.7,60.1,5.6,8.5
223,2013,"Immigrants, landed more than 10 years earlier","High school graduate, some post-secondary",Males,70.3,58.7,77.6,42.3,64.8,7.2,9.3
224,2013,"Immigrants, landed more than 10 years earlier","No degree, certificate or diploma",Females,98.5,19.9,111.7,383.4,22.6,13.2,11.8
225,2013,"Immigrants, landed more than 10 years earlier","No degree, certificate or diploma",Males,138.4,36.5,154.1,225.0,40.6,15.7,10.2
226,2013,"Immigrants, landed more than 10 years earlier",Post-secondary certificate or diploma,Females,431.8,59.9,457.9,262.4,63.6,26.1,5.7
227,2013,"Immigrants, landed more than 10 years earlier",Post-secondary certificate or diploma,Males,404.7,64.4,432.4,196.5,68.8,27.7,6.4
228,2013,"Immigrants, landed more than 10 years earlier",University degree,Females,448.1,68.8,474.5,177.2,72.8,26.4,5.6
229,2013,"Immigrants, landed more than 10 years earlier",University degree,Males,499.0,70.3,533.8,176.0,75.2,34.9,6.5
230,2013,"Immigrants, landed more than 5 to 10 years earlier",High school graduate,Females,43.9,50.8,51.3,35.2,59.4,7.4,14.4
231,2013,"Immigrants, landed more than 5 to 10 years earlier",High school graduate,Males,54.1,72.9,59.9,14.4,80.7,5.8,9.7
232,2013,"Immigrants, landed more than 5 to 10 years earlier","High school graduate, some post-secondary",Females,14.3,50.2,17.6,10.8,61.8,3.3,18.8
233,2013,"Immigrants, landed more than 5 to 10 years earlier","High school graduate, some post-secondary",Males,19.9,62.4,21.8,10.1,68.3,1.9,8.7
234,2013,"Immigrants, landed more than 5 to 10 years earlier","No degree, certificate or diploma",Females,18.9,29.4,22.7,41.5,35.4,3.8,16.7
235,2013,"Immigrants, landed more than 5 to 10 years earlier","No degree, certificate or diploma",Males,23.1,40.6,28.7,28.2,50.4,5.5,19.2
236,2013,"Immigrants, landed more than 5 to 10 years earlier",Post-secondary certificate or diploma,Females,73.2,67.9,79.2,28.5,73.5,6.1,7.7
237,2013,"Immigrants, landed more than 5 to 10 years earlier",Post-secondary certificate or diploma,Males,71.0,83.8,75.5,9.2,89.1,4.5,6.0
238,2013,"Immigrants, landed more than 5 to 10 years earlier",University degree,Females,147.2,70.7,160.0,48.2,76.8,12.8,8.0
239,2013,"Immigrants, landed more than 5 to 10 years earlier",University degree,Males,164.6,84.0,177.4,18.6,90.5,12.7,7.2
240,2014,"Immigrants, landed 5 or less years earlier",High school graduate,Females,31.5,46.1,36.4,32.0,53.2,4.9,13.5
241,2014,"Immigrants, landed 5 or less years earlier",High school graduate,Males,47.8,68.7,54.1,15.5,77.7,6.3,11.6
242,2014,"Immigrants, landed 5 or less years earlier","High school graduate, some post-secondary",Females,9.5,40.9,11.6,11.6,50.0,2.1,18.1
243,2014,"Immigrants, landed 5 or less years earlier","High school graduate, some post-secondary",Males,11.3,55.7,13.3,7.0,65.5,1.9,14.3
244,2014,"Immigrants, landed 5 or less years earlier","No degree, certificate or diploma",Females,13.4,20.6,17.9,47.0,27.5,4.5,25.1
245,2014,"Immigrants, landed 5 or less years earlier","No degree, certificate or diploma",Males,24.4,40.3,29.3,31.3,48.3,4.9,16.7
246,2014,"Immigrants, landed 5 or less years earlier",Post-secondary certificate or diploma,Females,60.7,60.9,68.9,30.8,69.1,8.3,12.0
247,2014,"Immigrants, landed 5 or less years earlier",Post-secondary certificate or diploma,Males,74.2,79.5,80.9,12.4,86.7,6.6,8.2
248,2014,"Immigrants, landed 5 or less years earlier",University degree,Females,113.5,54.5,133.9,74.5,64.3,20.4,15.2
249,2014,"Immigrants, landed 5 or less years earlier",University degree,Males,155.1,74.0,173.0,36.6,82.5,17.9,10.3
250,2014,"Immigrants, landed more than 10 years earlier",High school graduate,Females,236.9,43.2,255.8,292.2,46.7,18.9,7.4
251,2014,"Immigrants, landed more than 10 years earlier",High school graduate,Males,273.9,58.3,292.7,177.4,62.3,18.8,6.4
252,2014,"Immigrants, landed more than 10 years earlier","High school graduate, some post-secondary",Females,60.6,53.8,66.5,46.1,59.0,5.9,8.9
253,2014,"Immigrants, landed more than 10 years earlier","High school graduate, some post-secondary",Males,62.7,58.3,71.6,36.1,66.5,8.9,12.4
254,2014,"Immigrants, landed more than 10 years earlier","No degree, certificate or diploma",Females,89.3,18.0,99.7,395.6,20.1,10.4,10.4
255,2014,"Immigrants, landed more than 10 years earlier","No degree, certificate or diploma",Males,124.6,33.1,140.3,235.8,37.3,15.8,11.3
256,2014,"Immigrants, landed more than 10 years earlier",Post-secondary certificate or diploma,Females,423.2,60.2,450.4,252.2,64.1,27.2,6.0
257,2014,"Immigrants, landed more than 10 years earlier",Post-secondary certificate or diploma,Males,434.5,65.3,457.5,207.4,68.8,23.0,5.0
258,2014,"Immigrants, landed more than 10 years earlier",University degree,Females,479.4,67.9,507.7,198.7,71.9,28.3,5.6
259,2014,"Immigrants, landed more than 10 years earlier",University degree,Males,516.7,70.2,548.1,188.1,74.4,31.4,5.7
260,2014,"Immigrants, landed more than 5 to 10 years earlier",High school graduate,Females,47.7,50.4,53.8,40.8,56.9,6.1,11.3
261,2014,"Immigrants, landed more than 5 to 10 years earlier",High school graduate,Males,60.1,70.4,66.2,19.2,77.5,6.2,9.4
262,2014,"Immigrants, landed more than 5 to 10 years earlier","High school graduate, some post-secondary",Females,17.2,50.6,19.5,14.5,57.4,2.2,11.3
263,2014,"Immigrants, landed more than 5 to 10 years earlier","High school graduate, some post-secondary",Males,16.2,60.7,17.8,8.8,66.7,1.6,9.0
264,2014,"Immigrants, landed more than 5 to 10 years earlier","No degree, certificate or diploma",Females,16.2,24.4,21.4,44.9,32.3,5.2,24.3
265,2014,"Immigrants, landed more than 5 to 10 years earlier","No degree, certificate or diploma",Males,25.4,42.0,30.0,30.6,49.6,4.6,15.3
266,2014,"Immigrants, landed more than 5 to 10 years earlier",Post-secondary certificate or diploma,Females,85.3,71.0,92.5,27.6,77.0,7.2,7.8
267,2014,"Immigrants, landed more than 5 to 10 years earlier",Post-secondary certificate or diploma,Males,72.4,84.6,77.6,7.9,90.7,5.2,6.7
268,2014,"Immigrants, landed more than 5 to 10 years earlier",University degree,Females,150.2,70.0,166.4,48.1,77.5,16.2,9.7
269,2014,"Immigrants, landed more than 5 to 10 years earlier",University degree,Males,155.7,81.9,168.4,21.8,88.5,12.6,7.5
270,2015,"Immigrants, landed 5 or less years earlier",High school graduate,Females,30.9,42.2,36.8,36.4,50.3,6.0,16.3
271,2015,"Immigrants, landed 5 or less years earlier",High school graduate,Males,46.4,63.7,53.3,19.5,73.2,6.9,12.9
272,2015,"Immigrants, landed 5 or less years earlier","High school graduate, some post-secondary",Females,9.0,42.1,9.7,11.7,45.3,,
273,2015,"Immigrants, landed 5 or less years earlier","High school graduate, some post-secondary",Males,13.9,62.6,16.0,6.3,72.1,2.1,13.1
274,2015,"Immigrants, landed 5 or less years earlier","No degree, certificate or diploma",Females,14.6,22.3,19.6,46.0,29.9,5.0,25.5
275,2015,"Immigrants, landed 5 or less years earlier","No degree, certificate or diploma",Males,20.9,37.5,24.6,31.2,44.2,3.7,15.0
276,2015,"Immigrants, landed 5 or less years earlier",Post-secondary certificate or diploma,Females,62.0,59.2,70.7,34.1,67.5,8.8,12.4
277,2015,"Immigrants, landed 5 or less years earlier",Post-secondary certificate or diploma,Males,75.9,77.8,82.1,15.4,84.2,6.2,7.6
278,2015,"Immigrants, landed 5 or less years earlier",University degree,Females,123.6,54.7,146.2,79.5,64.7,22.6,15.5
279,2015,"Immigrants, landed 5 or less years earlier",University degree,Males,160.4,79.1,175.1,27.8,86.3,14.7,8.4
280,2015,"Immigrants, landed more than 10 years earlier",High school graduate,Females,232.4,42.1,248.1,304.0,44.9,15.7,6.3
281,2015,"Immigrants, landed more than 10 years earlier",High school graduate,Males,279.7,58.6,298.6,178.4,62.6,18.9,6.3
282,2015,"Immigrants, landed more than 10 years earlier","High school graduate, some post-secondary",Females,51.8,49.9,57.0,46.8,54.9,5.2,9.1
283,2015,"Immigrants, landed more than 10 years earlier","High school graduate, some post-secondary",Males,66.5,63.4,73.6,31.3,70.2,7.2,9.8
284,2015,"Immigrants, landed more than 10 years earlier","No degree, certificate or diploma",Females,96.6,19.9,106.5,377.8,22.0,9.9,9.3
285,2015,"Immigrants, landed more than 10 years earlier","No degree, certificate or diploma",Males,124.3,36.1,133.4,211.2,38.7,9.1,6.8
286,2015,"Immigrants, landed more than 10 years earlier",Post-secondary certificate or diploma,Females,437.7,61.1,465.5,250.5,65.0,27.9,6.0
287,2015,"Immigrants, landed more than 10 years earlier",Post-secondary certificate or diploma,Males,436.9,65.0,461.4,211.0,68.6,24.5,5.3
288,2015,"Immigrants, landed more than 10 years earlier",University degree,Females,502.8,68.6,531.9,201.4,72.5,29.1,5.5
289,2015,"Immigrants, landed more than 10 years earlier",University degree,Males,549.1,72.8,580.0,173.9,76.9,31.0,5.3
290,2015,"Immigrants, landed more than 5 to 10 years earlier",High school graduate,Females,45.0,48.8,50.0,42.2,54.2,5.0,10.0
291,2015,"Immigrants, landed more than 5 to 10 years earlier",High school graduate,Males,60.7,70.9,66.7,18.8,77.9,6.0,9.0
292,2015,"Immigrants, landed more than 5 to 10 years earlier","High school graduate, some post-secondary",Females,15.8,57.5,18.0,9.5,65.5,2.1,11.7
293,2015,"Immigrants, landed more than 5 to 10 years earlier","High school graduate, some post-secondary",Males,20.3,65.3,22.9,8.2,73.6,2.6,11.4
294,2015,"Immigrants, landed more than 5 to 10 years earlier","No degree, certificate or diploma",Females,19.0,26.5,22.6,49.2,31.5,3.6,15.9
295,2015,"Immigrants, landed more than 5 to 10 years earlier","No degree, certificate or diploma",Males,27.0,43.4,30.7,31.5,49.4,3.7,12.1
296,2015,"Immigrants, landed more than 5 to 10 years earlier",Post-secondary certificate or diploma,Females,84.5,68.2,91.6,32.3,73.9,7.1,7.8
297,2015,"Immigrants, landed more than 5 to 10 years earlier",Post-secondary certificate or diploma,Males,91.7,86.3,97.9,8.3,92.2,6.3,6.4
298,2015,"Immigrants, landed more than 5 to 10 years earlier",University degree,Females,151.9,68.5,167.7,53.9,75.6,15.8,9.4
299,2015,"Immigrants, landed more than 5 to 10 years earlier",University degree,Males,176.8,82.7,190.3,23.5,89.0,13.5,7.1
300,2016,"Immigrants, landed 5 or less years earlier",High school graduate,Females,30.8,43.8,35.8,34.6,50.9,5.0,14.0
301,2016,"Immigrants, landed 5 or less years earlier",High school graduate,Males,44.0,65.6,49.1,18.0,73.2,5.1,10.4
302,2016,"Immigrants, landed 5 or less years earlier","High school graduate, some post-secondary",Females,12.7,49.6,14.5,11.1,56.6,1.8,12.4
303,2016,"Immigrants, landed 5 or less years earlier","High school graduate, some post-secondary",Males,17.6,73.0,18.5,5.6,76.8,,
304,2016,"Immigrants, landed 5 or less years earlier","No degree, certificate or diploma",Females,15.8,23.0,20.2,48.4,29.4,4.4,21.8
305,2016,"Immigrants, landed 5 or less years earlier","No degree, certificate or diploma",Males,27.4,42.6,32.0,32.3,49.8,4.6,14.4
306,2016,"Immigrants, landed 5 or less years earlier",Post-secondary certificate or diploma,Females,62.0,63.1,67.9,30.4,69.1,5.9,8.7
307,2016,"Immigrants, landed 5 or less years earlier",Post-secondary certificate or diploma,Males,69.5,77.9,76.3,12.8,85.5,6.8,8.9
308,2016,"Immigrants, landed 5 or less years earlier",University degree,Females,126.6,56.4,147.3,77.3,65.6,20.7,14.1
309,2016,"Immigrants, landed 5 or less years earlier",University degree,Males,155.8,78.4,169.2,29.6,85.1,13.4,7.9
310,2016,"Immigrants, landed more than 10 years earlier",High school graduate,Females,245.0,42.6,262.9,312.5,45.7,18.0,6.8
311,2016,"Immigrants, landed more than 10 years earlier",High school graduate,Males,275.2,59.6,295.4,166.7,63.9,20.2,6.8
312,2016,"Immigrants, landed more than 10 years earlier","High school graduate, some post-secondary",Females,52.3,49.3,58.2,47.9,54.9,5.9,10.1
313,2016,"Immigrants, landed more than 10 years earlier","High school graduate, some post-secondary",Males,70.6,59.9,78.9,38.9,67.0,8.4,10.6
314,2016,"Immigrants, landed more than 10 years earlier","No degree, certificate or diploma",Females,88.7,19.1,98.2,367.0,21.1,9.5,9.7
315,2016,"Immigrants, landed more than 10 years earlier","No degree, certificate or diploma",Males,121.4,34.1,134.5,221.5,37.8,13.1,9.7
316,2016,"Immigrants, landed more than 10 years earlier",Post-secondary certificate or diploma,Females,439.0,59.6,465.2,271.5,63.1,26.2,5.6
317,2016,"Immigrants, landed more than 10 years earlier",Post-secondary certificate or diploma,Males,457.3,63.9,487.8,227.5,68.2,30.6,6.3
318,2016,"Immigrants, landed more than 10 years earlier",University degree,Females,573.8,68.9,605.4,227.0,72.7,31.6,5.2
319,2016,"Immigrants, landed more than 10 years earlier",University degree,Males,643.6,73.0,683.1,198.3,77.5,39.4,5.8
320,2016,"Immigrants, landed more than 5 to 10 years earlier",High school graduate,Females,42.8,51.3,46.9,36.5,56.2,4.1,8.7
321,2016,"Immigrants, landed more than 5 to 10 years earlier",High school graduate,Males,65.8,74.5,70.8,17.5,80.2,5.0,7.1
322,2016,"Immigrants, landed more than 5 to 10 years earlier","High school graduate, some post-secondary",Females,19.5,53.0,22.0,14.8,59.8,2.5,11.4
323,2016,"Immigrants, landed more than 5 to 10 years earlier","High school graduate, some post-secondary",Males,19.9,64.6,22.0,8.7,71.4,2.2,10.0
324,2016,"Immigrants, landed more than 5 to 10 years earlier","No degree, certificate or diploma",Females,21.4,27.0,25.8,53.7,32.5,4.4,17.1
325,2016,"Immigrants, landed more than 5 to 10 years earlier","No degree, certificate or diploma",Males,30.3,42.3,36.7,35.0,51.3,6.3,17.2
326,2016,"Immigrants, landed more than 5 to 10 years earlier",Post-secondary certificate or diploma,Females,94.7,69.3,104.4,32.2,76.4,9.8,9.4
327,2016,"Immigrants, landed more than 5 to 10 years earlier",Post-secondary certificate or diploma,Males,96.6,84.4,102.1,12.5,89.2,5.4,5.3
328,2016,"Immigrants, landed more than 5 to 10 years earlier",University degree,Females,160.1,68.5,176.3,57.3,75.5,16.2,9.2
329,2016,"Immigrants, landed more than 5 to 10 years earlier",University degree,Males,177.0,81.9,192.3,23.7,89.0,15.3,8.0
330,2017,"Immigrants, landed 5 or less years earlier",High school graduate,Females,34.1,46.6,38.9,34.4,53.1,4.7,12.1
331,2017,"Immigrants, landed 5 or less years earlier",High school graduate,Males,47.9,70.9,51.5,16.1,76.2,3.6,7.0
332,2017,"Immigrants, landed 5 or less years earlier","High school graduate, some post-secondary",Females,12.9,48.0,14.6,12.3,54.3,1.7,11.6
333,2017,"Immigrants, landed 5 or less years earlier","High school graduate, some post-secondary",Males,17.8,69.3,18.8,6.9,73.2,,
334,2017,"Immigrants, landed 5 or less years earlier","No degree, certificate or diploma",Females,12.3,17.9,16.9,51.9,24.6,4.5,26.6
335,2017,"Immigrants, landed 5 or less years earlier","No degree, certificate or diploma",Males,19.3,34.0,24.1,32.7,42.4,4.7,19.5
336,2017,"Immigrants, landed 5 or less years earlier",Post-secondary certificate or diploma,Females,66.7,60.2,73.9,36.9,66.7,7.1,9.6
337,2017,"Immigrants, landed 5 or less years earlier",Post-secondary certificate or diploma,Males,75.4,83.1,80.4,10.3,88.6,5.0,6.2
338,2017,"Immigrants, landed 5 or less years earlier",University degree,Females,138.1,60.2,159.6,69.6,69.6,21.5,13.5
339,2017,"Immigrants, landed 5 or less years earlier",University degree,Males,170.6,80.4,184.1,28.2,86.7,13.5,7.3
340,2017,"Immigrants, landed more than 10 years earlier",High school graduate,Females,240.9,41.7,258.1,319.9,44.7,17.3,6.7
341,2017,"Immigrants, landed more than 10 years earlier",High school graduate,Males,295.3,61.0,318.2,166.0,65.7,22.9,7.2
342,2017,"Immigrants, landed more than 10 years earlier","High school graduate, some post-secondary",Females,52.4,51.1,56.2,46.4,54.8,3.8,6.8
343,2017,"Immigrants, landed more than 10 years earlier","High school graduate, some post-secondary",Males,61.3,54.6,67.3,44.9,60.0,6.0,8.9
344,2017,"Immigrants, landed more than 10 years earlier","No degree, certificate or diploma",Females,92.7,20.7,101.5,346.1,22.7,8.8,8.7
345,2017,"Immigrants, landed more than 10 years earlier","No degree, certificate or diploma",Males,123.1,34.5,136.2,221.1,38.1,13.1,9.6
346,2017,"Immigrants, landed more than 10 years earlier",Post-secondary certificate or diploma,Females,468.6,60.7,496.9,275.0,64.4,28.3,5.7
347,2017,"Immigrants, landed more than 10 years earlier",Post-secondary certificate or diploma,Males,447.4,64.3,473.5,222.0,68.1,26.1,5.5
348,2017,"Immigrants, landed more than 10 years earlier",University degree,Females,609.4,70.1,646.0,223.8,74.3,36.6,5.7
349,2017,"Immigrants, landed more than 10 years earlier",University degree,Males,665.5,73.2,700.6,208.1,77.1,35.1,5.0
350,2017,"Immigrants, landed more than 5 to 10 years earlier",High school graduate,Females,46.5,52.4,52.3,36.4,59.0,5.8,11.1
351,2017,"Immigrants, landed more than 5 to 10 years earlier",High school graduate,Males,57.7,72.1,61.6,18.3,77.0,3.9,6.3
352,2017,"Immigrants, landed more than 5 to 10 years earlier","High school graduate, some post-secondary",Females,18.0,57.3,19.8,11.6,63.1,1.7,8.6
353,2017,"Immigrants, landed more than 5 to 10 years earlier","High school graduate, some post-secondary",Males,18.7,56.7,20.8,12.2,63.0,2.1,10.1
354,2017,"Immigrants, landed more than 5 to 10 years earlier","No degree, certificate or diploma",Females,20.5,29.4,23.5,46.3,33.7,3.0,12.8
355,2017,"Immigrants, landed more than 5 to 10 years earlier","No degree, certificate or diploma",Males,30.7,45.8,36.2,30.8,54.0,5.5,15.2
356,2017,"Immigrants, landed more than 5 to 10 years earlier",Post-secondary certificate or diploma,Females,87.3,67.2,95.9,34.0,73.8,8.6,9.0
357,2017,"Immigrants, landed more than 5 to 10 years earlier",Post-secondary certificate or diploma,Males,87.7,84.0,93.9,10.5,89.9,6.2,6.6
358,2017,"Immigrants, landed more than 5 to 10 years earlier",University degree,Females,161.0,69.4,173.7,58.2,74.9,12.8,7.4
359,2017,"Immigrants, landed more than 5 to 10 years earlier",University degree,Males,189.7,86.5,199.6,19.7,91.0,9.9,5.0
360,2018,"Immigrants, landed 5 or less years earlier",High school graduate,Females,27.9,38.8,31.7,40.2,44.1,3.7,11.7
361,2018,"Immigrants, landed 5 or less years earlier",High school graduate,Males,51.4,73.4,55.1,14.9,78.7,3.8,6.9
362,2018,"Immigrants, landed 5 or less years earlier","High school graduate, some post-secondary",Females,13.6,59.1,15.4,7.6,67.0,1.7,11.0
363,2018,"Immigrants, landed 5 or less years earlier","High school graduate, some post-secondary",Males,18.2,75.5,19.5,4.6,80.9,,
364,2018,"Immigrants, landed 5 or less years earlier","No degree, certificate or diploma",Females,17.6,24.8,23.2,47.8,32.7,5.6,24.1
365,2018,"Immigrants, landed 5 or less years earlier","No degree, certificate or diploma",Males,23.6,35.8,30.1,35.9,45.6,6.5,21.6
366,2018,"Immigrants, landed 5 or less years earlier",Post-secondary certificate or diploma,Females,67.7,65.2,73.5,30.4,70.7,5.7,7.8
367,2018,"Immigrants, landed 5 or less years earlier",Post-secondary certificate or diploma,Males,86.5,83.6,91.7,11.9,88.6,5.2,5.7
368,2018,"Immigrants, landed 5 or less years earlier",University degree,Females,159.5,62.2,180.1,76.5,70.2,20.6,11.4
369,2018,"Immigrants, landed 5 or less years earlier",University degree,Males,196.4,84.2,207.4,25.8,88.9,11.0,5.3
370,2018,"Immigrants, landed more than 10 years earlier",High school graduate,Females,244.8,42.9,259.0,312.2,45.3,14.2,5.5
371,2018,"Immigrants, landed more than 10 years earlier",High school graduate,Males,280.3,58.4,297.8,182.1,62.1,17.5,5.9
372,2018,"Immigrants, landed more than 10 years earlier","High school graduate, some post-secondary",Females,58.7,52.8,63.7,47.5,57.3,5.0,7.8
373,2018,"Immigrants, landed more than 10 years earlier","High school graduate, some post-secondary",Males,74.6,60.7,81.4,41.6,66.2,6.8,8.4
374,2018,"Immigrants, landed more than 10 years earlier","No degree, certificate or diploma",Females,84.6,19.4,91.6,344.5,21.0,7.1,7.8
375,2018,"Immigrants, landed more than 10 years earlier","No degree, certificate or diploma",Males,132.5,37.5,143.2,210.6,40.5,10.8,7.5
376,2018,"Immigrants, landed more than 10 years earlier",Post-secondary certificate or diploma,Females,481.7,59.2,508.1,306.1,62.4,26.4,5.2
377,2018,"Immigrants, landed more than 10 years earlier",Post-secondary certificate or diploma,Males,458.5,64.0,482.3,234.0,67.3,23.8,4.9
378,2018,"Immigrants, landed more than 10 years earlier",University degree,Females,625.9,69.4,656.1,245.9,72.7,30.1,4.6
379,2018,"Immigrants, landed more than 10 years earlier",University degree,Males,690.8,73.2,723.4,219.6,76.7,32.7,4.5
380,2018,"Immigrants, landed more than 5 to 10 years earlier",High school graduate,Females,47.8,53.7,51.6,37.4,58.0,3.8,7.4
381,2018,"Immigrants, landed more than 5 to 10 years earlier",High school graduate,Males,67.3,73.8,72.2,19.0,79.2,4.9,6.8
382,2018,"Immigrants, landed more than 5 to 10 years earlier","High school graduate, some post-secondary",Females,20.2,62.2,22.1,10.4,68.0,1.9,8.6
383,2018,"Immigrants, landed more than 5 to 10 years earlier","High school graduate, some post-secondary",Males,23.9,65.5,26.3,10.2,72.1,2.4,9.1
384,2018,"Immigrants, landed more than 5 to 10 years earlier","No degree, certificate or diploma",Females,20.2,29.0,24.2,45.5,34.7,4.0,16.5
385,2018,"Immigrants, landed more than 5 to 10 years earlier","No degree, certificate or diploma",Males,25.4,43.0,30.2,28.9,51.1,4.8,15.9
386,2018,"Immigrants, landed more than 5 to 10 years earlier",Post-secondary certificate or diploma,Females,101.4,73.1,106.3,32.5,76.6,4.9,4.6
387,2018,"Immigrants, landed more than 5 to 10 years earlier",Post-secondary certificate or diploma,Males,106.0,84.9,111.2,13.6,89.1,5.2,4.7
388,2018,"Immigrants, landed more than 5 to 10 years earlier",University degree,Females,191.3,73.3,205.5,55.4,78.8,14.2,6.9
389,2018,"Immigrants, landed more than 5 to 10 years earlier",University degree,Males,203.5,86.3,213.4,22.3,90.5,9.8,4.6
390,2019,"Immigrants, landed 5 or less years earlier",High school graduate,Females,27.3,42.6,30.9,33.2,48.2,3.6,11.7
391,2019,"Immigrants, landed 5 or less years earlier",High school graduate,Males,50.2,73.6,54.6,13.6,80.1,4.4,8.1
392,2019,"Immigrants, landed 5 or less years earlier","High school graduate, some post-secondary",Females,15.7,60.9,17.0,8.8,65.9,,
393,2019,"Immigrants, landed 5 or less years earlier","High school graduate, some post-secondary",Males,14.4,74.2,15.6,3.8,80.4,,
394,2019,"Immigrants, landed 5 or less years earlier","No degree, certificate or diploma",Females,18.0,23.8,23.1,52.5,30.6,5.1,22.1
395,2019,"Immigrants, landed 5 or less years earlier","No degree, certificate or diploma",Males,29.6,44.2,35.1,31.9,52.5,5.5,15.7
396,2019,"Immigrants, landed 5 or less years earlier",Post-secondary certificate or diploma,Females,68.9,63.3,76.1,32.7,69.9,7.2,9.5
397,2019,"Immigrants, landed 5 or less years earlier",Post-secondary certificate or diploma,Males,77.9,82.6,83.8,10.5,88.9,6.0,7.2
398,2019,"Immigrants, landed 5 or less years earlier",University degree,Females,179.2,62.3,203.2,84.7,70.6,23.9,11.8
399,2019,"Immigrants, landed 5 or less years earlier",University degree,Males,205.0,82.6,219.5,28.8,88.4,14.5,6.6
400,2019,"Immigrants, landed more than 10 years earlier",High school graduate,Females,242.9,41.7,256.8,325.7,44.1,14.0,5.5
401,2019,"Immigrants, landed more than 10 years earlier",High school graduate,Males,292.6,59.8,312.8,176.6,63.9,20.3,6.5
402,2019,"Immigrants, landed more than 10 years earlier","High school graduate, some post-secondary",Females,60.4,50.4,64.7,55.0,54.0,4.4,6.8
403,2019,"Immigrants, landed more than 10 years earlier","High school graduate, some post-secondary",Males,72.9,60.4,79.3,41.3,65.8,6.4,8.1
404,2019,"Immigrants, landed more than 10 years earlier","No degree, certificate or diploma",Females,96.8,21.1,105.6,353.8,23.0,8.8,8.3
405,2019,"Immigrants, landed more than 10 years earlier","No degree, certificate or diploma",Males,130.7,38.2,141.0,200.9,41.2,10.2,7.2
406,2019,"Immigrants, landed more than 10 years earlier",Post-secondary certificate or diploma,Females,501.0,60.7,527.0,298.2,63.9,26.0,4.9
407,2019,"Immigrants, landed more than 10 years earlier",Post-secondary certificate or diploma,Males,508.8,66.0,530.3,240.4,68.8,21.5,4.1
408,2019,"Immigrants, landed more than 10 years earlier",University degree,Females,683.4,69.6,713.9,267.4,72.8,30.5,4.3
409,2019,"Immigrants, landed more than 10 years earlier",University degree,Males,725.8,72.3,761.0,242.3,75.8,35.2,4.6
410,2019,"Immigrants, landed more than 5 to 10 years earlier",High school graduate,Females,44.9,54.1,50.0,33.1,60.2,5.1,10.2
411,2019,"Immigrants, landed more than 5 to 10 years earlier",High school graduate,Males,61.5,71.9,67.8,17.8,79.3,6.3,9.3
412,2019,"Immigrants, landed more than 5 to 10 years earlier","High school graduate, some post-secondary",Females,24.3,60.1,26.5,13.9,65.6,2.1,7.9
413,2019,"Immigrants, landed more than 5 to 10 years earlier","High school graduate, some post-secondary",Males,19.5,63.1,22.0,8.9,71.2,2.5,11.4
414,2019,"Immigrants, landed more than 5 to 10 years earlier","No degree, certificate or diploma",Females,23.7,32.1,27.6,46.2,37.4,3.9,14.1
415,2019,"Immigrants, landed more than 5 to 10 years earlier","No degree, certificate or diploma",Males,31.5,49.1,35.7,28.4,55.7,4.2,11.8
416,2019,"Immigrants, landed more than 5 to 10 years earlier",Post-secondary certificate or diploma,Females,107.7,74.6,112.6,31.7,78.0,5.0,4.4
417,2019,"Immigrants, landed more than 5 to 10 years earlier",Post-secondary certificate or diploma,Males,103.4,85.3,108.0,13.2,89.1,4.5,4.2
418,2019,"Immigrants, landed more than 5 to 10 years earlier",University degree,Females,197.4,74.1,210.5,55.8,79.0,13.1,6.2
419,2019,"Immigrants, landed more than 5 to 10 years earlier",University degree,Males,224.2,86.6,235.2,23.7,90.8,11.0,4.7
420,2020,"Immigrants, landed 5 or less years earlier",High school graduate,Females,24.0,38.5,29.6,32.8,47.5,5.6,18.9
421,2020,"Immigrants, landed 5 or less years earlier",High school graduate,Males,47.8,63.2,56.9,18.6,75.3,9.1,16.0
422,2020,"Immigrants, landed 5 or less years earlier","High school graduate, some post-secondary",Females,9.7,53.3,12.0,6.3,65.9,2.3,19.2
423,2020,"Immigrants, landed 5 or less years earlier","High school graduate, some post-secondary",Males,12.4,56.1,14.7,7.4,66.5,2.3,15.6
424,2020,"Immigrants, landed 5 or less years earlier","No degree, certificate or diploma",Females,10.3,19.9,13.3,38.5,25.7,3.0,22.6
425,2020,"Immigrants, landed 5 or less years earlier","No degree, certificate or diploma",Males,19.8,35.1,24.6,31.8,43.6,4.8,19.5
426,2020,"Immigrants, landed 5 or less years earlier",Post-secondary certificate or diploma,Females,54.2,55.1,63.4,34.9,64.5,9.2,14.5
427,2020,"Immigrants, landed 5 or less years earlier",Post-secondary certificate or diploma,Males,70.2,78.9,77.6,11.5,87.2,7.4,9.5
428,2020,"Immigrants, landed 5 or less years earlier",University degree,Females,175.1,61.3,209.8,75.7,73.5,34.7,16.5
429,2020,"Immigrants, landed 5 or less years earlier",University degree,Males,210.0,80.3,229.9,31.5,87.9,19.9,8.7
430,2020,"Immigrants, landed more than 10 years earlier",High school graduate,Females,212.6,36.1,249.6,339.7,42.4,37.0,14.8
431,2020,"Immigrants, landed more than 10 years earlier",High school graduate,Males,283.5,54.5,320.3,199.7,61.6,36.7,11.5
432,2020,"Immigrants, landed more than 10 years earlier","High school graduate, some post-secondary",Females,57.6,45.5,71.0,55.6,56.0,13.4,18.9
433,2020,"Immigrants, landed more than 10 years earlier","High school graduate, some post-secondary",Males,70.5,52.5,87.3,46.9,65.1,16.8,19.2
434,2020,"Immigrants, landed more than 10 years earlier","No degree, certificate or diploma",Females,82.0,17.7,97.4,365.1,21.1,15.4,15.8
435,2020,"Immigrants, landed more than 10 years earlier","No degree, certificate or diploma",Males,121.8,35.0,134.2,214.2,38.5,12.4,9.2
436,2020,"Immigrants, landed more than 10 years earlier",Post-secondary certificate or diploma,Females,459.1,55.5,506.2,321.4,61.2,47.1,9.3
437,2020,"Immigrants, landed more than 10 years earlier",Post-secondary certificate or diploma,Males,460.4,61.4,504.3,246.0,67.2,43.9,8.7
438,2020,"Immigrants, landed more than 10 years earlier",University degree,Females,692.6,66.1,753.4,294.6,71.9,60.8,8.1
439,2020,"Immigrants, landed more than 10 years earlier",University degree,Males,753.2,70.2,812.3,260.0,75.8,59.1,7.3
440,2020,"Immigrants, landed more than 5 to 10 years earlier",High school graduate,Females,35.1,45.3,41.4,36.0,53.5,6.3,15.2
441,2020,"Immigrants, landed more than 5 to 10 years earlier",High school graduate,Males,56.8,62.9,67.8,22.5,75.1,11.1,16.4
442,2020,"Immigrants, landed more than 5 to 10 years earlier","High school graduate, some post-secondary",Females,19.7,51.2,25.7,12.8,66.8,6.0,23.3
443,2020,"Immigrants, landed more than 5 to 10 years earlier","High school graduate, some post-secondary",Males,22.1,57.9,27.0,11.3,70.7,4.9,18.1
444,2020,"Immigrants, landed more than 5 to 10 years earlier","No degree, certificate or diploma",Females,17.0,24.5,21.8,47.7,31.4,4.9,22.5
445,2020,"Immigrants, landed more than 5 to 10 years earlier","No degree, certificate or diploma",Males,22.0,38.5,27.1,29.9,47.5,5.2,19.2
446,2020,"Immigrants, landed more than 5 to 10 years earlier",Post-secondary certificate or diploma,Females,84.5,65.8,97.0,31.5,75.5,12.5,12.9
447,2020,"Immigrants, landed more than 5 to 10 years earlier",Post-secondary certificate or diploma,Males,91.2,77.0,100.2,18.2,84.6,9.1,9.1
448,2020,"Immigrants, landed more than 5 to 10 years earlier",University degree,Females,188.6,68.0,212.5,65.0,76.6,23.9,11.2
449,2020,"Immigrants, landed more than 5 to 10 years earlier",University degree,Males,206.4,82.4,221.6,29.0,88.5,15.1,6.8
450,2021,"Immigrants, landed 5 or less years earlier",High school graduate,Females,25.9,43.5,32.0,27.6,53.7,6.1,19.1
451,2021,"Immigrants, landed 5 or less years earlier",High school graduate,Males,46.0,69.8,51.1,14.7,77.5,5.2,10.2
452,2021,"Immigrants, landed 5 or less years earlier","High school graduate, some post-secondary",Females,9.7,55.7,12.2,5.2,70.1,2.4,19.7
453,2021,"Immigrants, landed 5 or less years earlier","High school graduate, some post-secondary",Males,12.9,71.7,14.4,3.6,80.0,1.5,10.4
454,2021,"Immigrants, landed 5 or less years earlier","No degree, certificate or diploma",Females,14.6,28.7,19.7,31.2,38.7,5.1,25.9
455,2021,"Immigrants, landed 5 or less years earlier","No degree, certificate or diploma",Males,21.0,45.1,25.3,21.3,54.3,4.2,16.6
456,2021,"Immigrants, landed 5 or less years earlier",Post-secondary certificate or diploma,Females,65.2,64.9,73.6,26.9,73.2,8.4,11.4
457,2021,"Immigrants, landed 5 or less years earlier",Post-secondary certificate or diploma,Males,86.0,83.2,92.3,11.1,89.3,6.3,6.8
458,2021,"Immigrants, landed 5 or less years earlier",University degree,Females,189.1,67.1,212.4,69.3,75.4,23.3,11.0
459,2021,"Immigrants, landed 5 or less years earlier",University degree,Males,247.3,86.2,260.8,26.0,90.9,13.5,5.2
460,2021,"Immigrants, landed more than 10 years earlier",High school graduate,Females,247.3,40.0,275.8,342.3,44.6,28.5,10.3
461,2021,"Immigrants, landed more than 10 years earlier",High school graduate,Males,289.1,53.8,324.5,213.2,60.3,35.5,10.9
462,2021,"Immigrants, landed more than 10 years earlier","High school graduate, some post-secondary",Females,55.3,45.7,63.9,57.0,52.9,8.6,13.5
463,2021,"Immigrants, landed more than 10 years earlier","High school graduate, some post-secondary",Males,65.8,58.1,74.0,39.2,65.3,8.2,11.1
464,2021,"Immigrants, landed more than 10 years earlier","No degree, certificate or diploma",Females,85.7,19.4,98.6,344.1,22.3,12.9,13.1
465,2021,"Immigrants, landed more than 10 years earlier","No degree, certificate or diploma",Males,117.7,35.9,132.7,195.6,40.4,15.0,11.3
466,2021,"Immigrants, landed more than 10 years earlier",Post-secondary certificate or diploma,Females,514.3,57.5,563.7,331.3,63.0,49.4,8.8
467,2021,"Immigrants, landed more than 10 years earlier",Post-secondary certificate or diploma,Males,503.6,62.3,549.7,258.0,68.1,46.1,8.4
468,2021,"Immigrants, landed more than 10 years earlier",University degree,Females,763.7,69.3,810.9,291.8,73.5,47.2,5.8
469,2021,"Immigrants, landed more than 10 years earlier",University degree,Males,822.0,72.6,872.2,259.7,77.1,50.2,5.8
470,2021,"Immigrants, landed more than 5 to 10 years earlier",High school graduate,Females,41.2,49.0,47.1,36.9,56.1,5.9,12.5
471,2021,"Immigrants, landed more than 5 to 10 years earlier",High school graduate,Males,56.2,65.9,64.4,20.9,75.5,8.2,12.7
472,2021,"Immigrants, landed more than 5 to 10 years earlier","High school graduate, some post-secondary",Females,17.3,53.6,21.4,10.9,66.3,4.1,19.2
473,2021,"Immigrants, landed more than 5 to 10 years earlier","High school graduate, some post-secondary",Males,18.0,61.0,20.9,8.6,70.8,2.9,13.9
474,2021,"Immigrants, landed more than 5 to 10 years earlier","No degree, certificate or diploma",Females,16.8,23.0,21.2,51.7,29.1,4.4,20.8
475,2021,"Immigrants, landed more than 5 to 10 years earlier","No degree, certificate or diploma",Males,22.9,35.6,28.4,36.0,44.2,5.4,19.0
476,2021,"Immigrants, landed more than 5 to 10 years earlier",Post-secondary certificate or diploma,Females,100.2,69.6,110.8,33.1,77.0,10.6,9.6
477,2021,"Immigrants, landed more than 5 to 10 years earlier",Post-secondary certificate or diploma,Males,119.0,83.7,131.2,11.0,92.3,12.3,9.4
478,2021,"Immigrants, landed more than 5 to 10 years earlier",University degree,Females,227.5,73.6,248.7,60.2,80.5,21.3,8.6
479,2021,"Immigrants, landed more than 5 to 10 years earlier",University degree,Males,231.2,83.1,250.1,28.1,89.9,18.9,7.6
480,2022,"Immigrants, landed 5 or less years earlier",High school graduate,Females,34.3,54.9,38.5,24.0,61.6,4.3,11.2
481,2022,"Immigrants, landed 5 or less years earlier",High school graduate,Males,46.5,70.6,51.9,13.9,78.8,5.4,10.4
482,2022,"Immigrants, landed 5 or less years earlier","High school graduate, some post-secondary",Females,11.0,64.7,11.7,5.3,68.8,,
483,2022,"Immigrants, landed 5 or less years earlier","High school graduate, some post-secondary",Males,13.0,70.7,13.7,4.8,74.5,,
484,2022,"Immigrants, landed 5 or less years earlier","No degree, certificate or diploma",Females,17.0,30.7,20.2,35.1,36.5,3.2,15.8
485,2022,"Immigrants, landed 5 or less years earlier","No degree, certificate or diploma",Males,23.8,44.7,27.2,26.0,51.1,3.4,12.5
486,2022,"Immigrants, landed 5 or less years earlier",Post-secondary certificate or diploma,Females,70.3,68.7,76.8,25.5,75.1,6.5,8.5
487,2022,"Immigrants, landed 5 or less years earlier",Post-secondary certificate or diploma,Males,85.1,81.4,91.0,13.6,87.0,5.9,6.5
488,2022,"Immigrants, landed 5 or less years earlier",University degree,Females,223.2,71.1,246.1,68.0,78.4,22.9,9.3
489,2022,"Immigrants, landed 5 or less years earlier",University degree,Males,266.7,85.4,283.9,28.3,90.9,17.2,6.1
490,2022,"Immigrants, landed more than 10 years earlier",High school graduate,Females,241.6,40.7,258.4,334.6,43.6,16.8,6.5
491,2022,"Immigrants, landed more than 10 years earlier",High school graduate,Males,289.6,57.2,309.5,196.5,61.2,19.9,6.4
492,2022,"Immigrants, landed more than 10 years earlier","High school graduate, some post-secondary",Females,52.7,53.2,58.1,41.0,58.7,5.4,9.3
493,2022,"Immigrants, landed more than 10 years earlier","High school graduate, some post-secondary",Males,64.6,60.7,69.6,36.8,65.4,5.0,7.2
494,2022,"Immigrants, landed more than 10 years earlier","No degree, certificate or diploma",Females,83.8,19.5,94.0,335.4,21.9,10.2,10.9
495,2022,"Immigrants, landed more than 10 years earlier","No degree, certificate or diploma",Males,126.8,37.4,136.4,202.8,40.2,9.6,7.0
496,2022,"Immigrants, landed more than 10 years earlier",Post-secondary certificate or diploma,Females,552.2,58.3,580.0,366.7,61.3,27.8,4.8
497,2022,"Immigrants, landed more than 10 years earlier",Post-secondary certificate or diploma,Males,525.0,64.4,552.7,262.3,67.8,27.7,5.0
498,2022,"Immigrants, landed more than 10 years earlier",University degree,Females,782.8,69.8,818.4,303.8,72.9,35.6,4.3
499,2022,"Immigrants, landed more than 10 years earlier",University degree,Males,823.6,73.6,856.0,263.2,76.5,32.4,3.8
500,2022,"Immigrants, landed more than 5 to 10 years earlier",High school graduate,Females,45.4,50.8,49.6,39.8,55.5,4.1,8.3
501,2022,"Immigrants, landed more than 5 to 10 years earlier",High school graduate,Males,68.6,73.5,74.0,19.3,79.3,5.3,7.2
502,2022,"Immigrants, landed more than 5 to 10 years earlier","High school graduate, some post-secondary",Females,16.4,64.8,17.5,7.8,69.2,,
503,2022,"Immigrants, landed more than 5 to 10 years earlier","High school graduate, some post-secondary",Males,20.2,68.5,22.3,7.2,75.6,2.1,9.4
504,2022,"Immigrants, landed more than 5 to 10 years earlier","No degree, certificate or diploma",Females,22.0,29.2,25.4,49.9,33.7,3.4,13.4
505,2022,"Immigrants, landed more than 5 to 10 years earlier","No degree, certificate or diploma",Males,34.3,44.8,38.5,38.0,50.3,4.2,10.9
506,2022,"Immigrants, landed more than 5 to 10 years earlier",Post-secondary certificate or diploma,Females,104.7,72.8,110.6,33.2,76.9,6.0,5.4
507,2022,"Immigrants, landed more than 5 to 10 years earlier",Post-secondary certificate or diploma,Males,123.8,86.8,128.7,14.0,90.2,4.9,3.8
508,2022,"Immigrants, landed more than 5 to 10 years earlier",University degree,Females,247.2,75.7,262.6,64.0,80.4,15.4,5.9
509,2022,"Immigrants, landed more than 5 to 10 years earlier",University degree,Males,244.9,87.0,255.4,26.1,90.7,10.6,4.2
510,2023,"Immigrants, landed 5 or less years earlier",High school graduate,Females,35.9,48.1,41.0,33.7,54.9,5.0,12.2
511,2023,"Immigrants, landed 5 or less years earlier",High school graduate,Males,53.8,69.7,59.8,17.5,77.5,6.0,10.0
512,2023,"Immigrants, landed 5 or less years earlier","High school graduate, some post-secondary",Females,10.2,54.8,11.6,6.9,62.4,1.5,12.9
513,2023,"Immigrants, landed 5 or less years earlier","High school graduate, some post-secondary",Males,11.1,67.3,12.3,4.2,74.5,,
514,2023,"Immigrants, landed 5 or less years earlier","No degree, certificate or diploma",Females,19.4,27.4,24.7,46.1,34.9,5.3,21.5
515,2023,"Immigrants, landed 5 or less years earlier","No degree, certificate or diploma",Males,23.3,41.6,28.2,27.7,50.4,4.9,17.4
516,2023,"Immigrants, landed 5 or less years earlier",Post-secondary certificate or diploma,Females,87.1,70.6,94.6,28.8,76.7,7.5,7.9
517,2023,"Immigrants, landed 5 or less years earlier",Post-secondary certificate or diploma,Males,102.6,82.9,110.2,13.6,89.0,7.6,6.9
518,2023,"Immigrants, landed 5 or less years earlier",University degree,Females,247.3,71.2,277.1,70.3,79.8,29.8,10.8
519,2023,"Immigrants, landed 5 or less years earlier",University degree,Males,272.9,86.7,287.1,27.7,91.2,14.2,4.9
520,2023,"Immigrants, landed more than 10 years earlier",High school graduate,Females,238.3,41.1,254.8,325.6,43.9,16.6,6.5
521,2023,"Immigrants, landed more than 10 years earlier",High school graduate,Males,311.1,61.4,330.0,176.8,65.1,18.9,5.7
522,2023,"Immigrants, landed more than 10 years earlier","High school graduate, some post-secondary",Females,62.9,54.3,66.5,49.3,57.4,3.6,5.4
523,2023,"Immigrants, landed more than 10 years earlier","High school graduate, some post-secondary",Males,69.4,63.4,74.4,35.0,68.0,4.9,6.6
524,2023,"Immigrants, landed more than 10 years earlier","No degree, certificate or diploma",Females,82.9,19.6,92.7,329.8,21.9,9.8,10.6
525,2023,"Immigrants, landed more than 10 years earlier","No degree, certificate or diploma",Males,135.1,40.7,145.4,186.9,43.8,10.2,7.0
526,2023,"Immigrants, landed more than 10 years earlier",Post-secondary certificate or diploma,Females,560.6,58.8,589.3,364.0,61.8,28.7,4.9
527,2023,"Immigrants, landed more than 10 years earlier",Post-secondary certificate or diploma,Males,536.2,64.3,562.5,271.8,67.4,26.3,4.7
528,2023,"Immigrants, landed more than 10 years earlier",University degree,Females,821.1,69.0,859.7,330.5,72.2,38.7,4.5
529,2023,"Immigrants, landed more than 10 years earlier",University degree,Males,873.6,73.3,911.8,279.9,76.5,38.2,4.2
530,2023,"Immigrants, landed more than 5 to 10 years earlier",High school graduate,Females,41.6,51.8,47.1,33.2,58.7,5.5,11.7
531,2023,"Immigrants, landed more than 5 to 10 years earlier",High school graduate,Males,69.7,71.0,77.4,20.7,78.9,7.8,10.1
532,2023,"Immigrants, landed more than 5 to 10 years earlier","High school graduate, some post-secondary",Females,14.2,63.4,15.4,6.9,68.8,,
533,2023,"Immigrants, landed more than 5 to 10 years earlier","High school graduate, some post-secondary",Males,16.0,62.3,17.6,8.1,68.5,1.6,9.1
534,2023,"Immigrants, landed more than 5 to 10 years earlier","No degree, certificate or diploma",Females,19.3,26.8,23.4,48.6,32.5,4.1,17.5
535,2023,"Immigrants, landed more than 5 to 10 years earlier","No degree, certificate or diploma",Males,30.8,46.6,35.5,30.6,53.7,4.7,13.2
536,2023,"Immigrants, landed more than 5 to 10 years earlier",Post-secondary certificate or diploma,Females,113.3,73.6,120.4,33.6,78.2,7.1,5.9
537,2023,"Immigrants, landed more than 5 to 10 years earlier",Post-secondary certificate or diploma,Males,117.0,87.7,120.2,13.2,90.1,3.1,2.6
538,2023,"Immigrants, landed more than 5 to 10 years earlier",University degree,Females,234.4,77.0,248.7,55.9,81.7,14.2,5.7
539,2023,"Immigrants, landed more than 5 to 10 years earlier",University degree,Males,247.5,87.4,258.3,25.0,91.2,10.7,4.1
